1,it has been a year since johnny and wayne created the ultimate bra for samantha's company .
1,he's got big plans and all the reckless passion he needs to follow them through .
1,"each vision shows the son at a different age and at a different stage in his pursuit of his life long love , isabelle ."
1,barbara novak ( renee zellweger ) has just come down from maine to new york after writing a book called down with love .
1,"they fight with glass plates , staple guns , light bulbs , fire and other homemade weapons ."
1,"sarah , an unfulfilled , calculating wife , takes pleasure in having her voyeuristic lover watch her on video cameras that she has hidden inside the vents of her house ."
1,"in this emotionally compelling documentary , sister helen opens a private home for recovering addicts and alcoholics in the south bronx after the death of her husband and two sons ."
1,"spanning 18 years in an iranian women's prison , this follows two women : the new prison warden , a tough as nails devout muslim who has served in the army on the iraqi front , and a young midwife , mitra , who is serving her sentence for killing her mother's abusive husband ."
1,his intelligence and unconventional attitude attract the attention of veteran walter burke ( al pacino ) who squires him through the agency's difficult training courses and helps him to quickly rise through the ranks .
1,ghisu and rupi are now promoted as commanders of their new dalam .
1,"matt lee whitlock ( washington ) , respected chief of police in small banyan key , florida , must solve a vicious double homicide before he himself falls under suspicion ."
1,"here lives grace ( lizzy mahon ) , salo jr . 's daughter , whom he and his equally bizarre wife ( christie sanford ) have enslaved through enforced drug addiction and psychic brainwashing ."
1,nine year old brian billings has been diagnosed with an acute fear of the dark .
1,"sharing the clink with velma , are a collection of other sly females , all awaiting trial for the murders of their own partners ."
1," "" the ballad of bering strait "" is a cinema-verite film following seven russian teenagers who have come to america to become country music stars ."
1,but how shall they bring the news of failure to the grand councilwoman without being punished ?
1,"this is the story of nat banks , an 8th generation virginian gentleman farmer living in the past , who loses his family farm , greenwood , to a pair of land speculators from washington , d . c ."
1,"the film is an homage to power , strength and individualism ."
1,"needless to say , both carlos and mickey are burning to get out of the heights ."
1,"the quest takes him to the mountains of north carolina , the beaches of the dominican republic , the islands off of ireland , the gardens of japan and the holy land of india ."
1,"for the past seven years mel bishop , a cold-blooded old west outlaw , had rotted away in a filthy mexican prison ."
1,"after baptizing their amnesiac boy-toy chris , the infamous pair takes him on a grand tour of their wild nightlife frolic , their spontaneous media extravaganza and their dazzling diva lifestyle in order to help him find his identity and his way home ."
1,dr . evil and mini-me have somehow escaped from a maximum security prison and the duo team up with goldmember .
1,there are two distince paths in life good vs . evil .
1,"he is still famous , although still disliked by snape , malfoy , and the rest of the slytherins ."
1,but even greater dangers lie ahead when jim discovers that his trusted friend silver is actually a scheming pirate with mutiny on his mind .
1,"arrested and imprisoned in a juvenile detention facility , leland comes in contact with an aspiring writer and prison teacher , pearl madison ( cheadle ) ."
1,"rather than spreading good cheer , the duo's motive is to rob each establishment , a strategy that becomes complicated when they encounter an 8-year-old who teaches them the true meaning of christmas ."
1,"we find elvis ( bruce campbell ) as an elderly resident in an east texas rest home , who switched identities with an elvis impersonator years before his "" death "" , then missed his chance to switch back ."
1,the two are catapulted into the chase of their lifetimes in pursuit of the kidnapped professor and the lost temple .
1,"one sunday , while all the town , including his wife and son , are piously praying mass , a miracle occurs ."
1,"a mafia don ( om puri ) dies and leaves behind such a will which starts an unending war between guru gulab khatri ( akshay kumar ) , don's son-in law and vikrant ( rahul dev ) , don's only son ."
1,"not only is his business booming , he is also hired by the governor to kill another inmate in return for an early release ."
1,"in harlem , martin blaze , a writer for vibe , thinks he's a loser since his fianc&#233 ; e cheated on him ."
1,"edgar , duncan's sixty year old , distant father , doesn't understand the strange manifestations of his son's mourning ."
1,"slowly , it changed to love but it was still unsaid ."
1,"terror at tate manor is an independent horror film set in a real haunted house , rich in ghost and spirit sightings , and quite active throughout the filming ."
1,as their relationship builds jenny starts to struggle in her religious beliefs and her new lifestyle .
1,"along the way , he helps unite the once legendary country bear band for a benefit show to save the country bear concert hall ."
1,"after being rejected for the perfect job , the aspiring animator faces an impending interview for a receptionist position at the same firm ."
1,"and if she's lucky , she may find love along the way ."
1,it is then that they discover the myth of 'the bread in the bed' - a huge bed full of money .
1,"enter jack ( sarsgaard ) , a wall street investment banker with a business proposal that has victor's name ( and money ) written all over it ."
1,there are two distinct paths in life good vs . evil .
1,"after listening to looser friends talk about what silvester stallone would do in his situation , the postal worker decides to buy a ticket to china and follow his love to her home ."
1,"he's full of ideas on how to change brazilian public health , which is being threatened by yellow fever ."
1,"while fighting to save themselves , they must prevent petrov from getting a stolen computer chip containing the international banking codes for the new euro ."
1,by doing this he meets a link between the two time periods ( lang ) .
1,"just when it seems martha's influence may be having a favorable effect on greg's attitude , his old ways win out ."
1,"but as each retreats into their private worlds of fantasy , a much more lively story unfolds - a story of confrontations that should have happened , of secrets that need to be revealed ."
1,"will he become a grandfather , surrounded by the love and support of a family or will he retreat into his world of memories and lost opportunities ?"
1,"the story takes place over the course of a day , when the couples get together for an afternoon of dining , drinking , and hot tubbing ."
1,"20 , 000 years before , our planet is entering an ice age ."
1,"only a little later , johnathan's life is already in extreme danger as well as those of his friends and teammates ."
1,during the hunt fedot meets his love marusya - the magical bird-woman .
1,but the record industry has passed them by^&#197 ; so has the general public whose musical tastes are continually changing .
1,the documentary also describes the deployment era of the regulus submarines ( 1958-1964 ) .
1,a demand for money is made and the men wait for payment .
1,a band of college students go to a rave on a mysterious island and get more than they bargained for when they find themselves stalked by killer zombies and terrifying creatures intent on feasting on the flesh of the living .
1,"lando , frustrated with isabel's conservatism and idealism , turns his attention to clara , which irked isabel ."
1," ( hamlet ) privilege seeks to produce a subliminal confrontation with its ever-shifting subject matter , much as the body is reputed to create vortexes of healing and repose in response to traumas ."
1,"in betsy , she finds a dark mirror of herself - a lonely , angry , complex woman whose own troubled past proves disturbingly close to her own ."
1,"the course of their experiences ultimately involves with sammy boi , an aggressive rapper caught in a bad contract while on of his songs is a major radio hit ; joan vicks , a devious a&#38 ; r executive for viewpointe records , randy tigge , a drug addicted , cross-dressing rock star ; and michael dileo , the chairman of viewpointe record , who some simply call satan ."
1," "" what's more important your experiences or your memories of them ? """
1,"forced to think fast , the producer decides to digitally create an actress "" simone "" to sub for the star--the first totally believable synthetic actress ."
1,"in betsy , she finds a dark mirror of herself - a lonely , angry , complex woman whose own troubled past proves disturbingly close to her own ."
1,"mike's aunt soon opens her home to steve as well , and the two celebrate their good fortune at having the opportunity to get their lives on track ."
1,a young boy is devastated when the planned vacation with his father is cancelled due to an emergency salvage mission at a remote canadian lake .
1,an l . a . artist ( mark ruffalo ) with everything seemingly going for him suddenly finds a change in his life when an art curator cancels his upcoming one-man show .
1,he's made a mistake and he's trying to pay for it but he doesn't know if there is enough money in the world .
1,"four friends - one summer - an italian-american neighborhood in yonkers , ny ."
1,"however , once jason realizes what freddy has done , he is infuriated ."
1,shahrul is a mechanic who also takes part in illegal bike racing .
1,"part way through the filming , stevie is arrested and charged with a serious crime that tears his family apart ."
1,the film first relates the journey of afghans refugees fleeing the bombing and war around herat and other cities to take refuge in ill-equipped camps .
1,"enter sonia kapoor , the daughter of the 10th richest man in the world ."
1,"the film , a follow-up to "" jack the dog "" , is described as a black comedy about a reformed womanizer ( nestor carbonell ) who struggles to keep his family together ."
1,"all of them have demoted the importance of the real world , giving all of their attention to the fantasy world of the movies ."
1,"in india , with ben's help , the couple intends to retrieve their ailing sick daughter , who is stuck in a buddhist monastery in a far off and remote village ."
1,"documentary feature about the traditional viennese cinema "" bellaria "" , which is specialised in german cinema from the 20s , 30s and 40s and its regular customers , whose idols are stars like zarah leander or karl sch&#246 ; nb&#246 ; ck ."
1,will tom be able to persuade his naturally cautious and terminally confused fianc&#233 ; e to work through all the damage and chaos ?
1,"at the end of the worst day of his life , bruce angrily ridicules and rages against god and god responds ."
1,when the skittish emma finds blood on her pillow why does she still stay behind ?
1,the plan slowly unravels when sarah and her lover suspect that her husband has found out .
1,two brothers choose the opposite sides in a civil war of a small country .
1,"events go from tragic to dangerous as racism , paranoia , and a secret mistress come into play ."
1,"in an isolated town named raccoon city , the largest corporate supplier of healthcare , medical supplies , and defense technology has a secret research facility located half a mile underground called the hive ."
1,"after listening to looser friends talk about what silvester stallone would do in his situation , the postal worker decides to buy a ticket to china and follow his love to her home ."
1,a man ( phillipe ) awakens in a hospital not recalling the last two years as he begins to find out things from his past he discovers his ability to move from the year 2002 to the year 1999 .
1,witt plays a young harvard graduate who also represents grant's character .
1,the elders hope to return home quickly but their new friend has other plans .
1,craig and day day have finally moved out of their parents houses and into their own crib .
1,he stays at the guesthouse without accepting any lodgers and has created his own world avoiding contact with others .
1,he's a rockabilly star who's a legend both because of his great hits and because he gave up music very young when his brother was killed .
1,"an observation and reflection on contemporary life in the uk from a director with unique eclectic vision , a poetical attempt at defining what it is to live in this country ."
1,"in awe of seductive club singer velma kelly ( who is subsequantly arrested for the murder of her husband and sister - after discovering their affair ) , roxie meets fred cassely a man who convinces her he can 'make her showbiz career take off' ."
1,"separated from his wife , louis will be given the opportunity to find out what is most important . . ."
1,"the correspondence between spielrein , freud and jung discovered that day in the geneva basement has become essential to understanding the evolution of psychoanalysis ^&#214 ; and the virtually insurmountable challenges facing women who sought to contribute in any role other than that of patient ."
1,"after this unusual , tragic experience , paul begins to realize that he has just lost his mom ."
1,"isabel intends for her family to go to istanbul , the only place where jews can live freely , but clara is reluctant to leave ."
1,"together they piece together the story of a forbidden love affair , and discover one of their own ."
1,"edgar gets wind inez is up to something and blows his cool , beating her and making her a prisoner in their own home ."
1,"together , ethan and rachel navigate the course of a relationship that is as infuriating as it is inspired , as tender as it is passionate ."
1,"mary gilbert , head of the fbi internet investigations division , her team and her maladroit nephew are on the case ."
1,in the process they have tortured villagers and something dreadful happens and rupi disappears .
1,"after being away from the capital , he comes back with his wife and kids to continue with his crimes ."
1,"from afar , he falls in love with a female police dispatcher who works directly across the street ."
1,saruman's army of uruk hai is ready to launch an assault against aragorn and the people of rohan .
1,"slim , the thinking head hatched a plan for their final retirement : five consecutive burglars , in five days , involving 20 million dollars ."
1,"when the film reaches its dramatic climax , a varied cast of characters must all figure out a way to bridge the chasm between their dreams and reality ."
1,"a documentary , this film , co-produced by several countries finally became reality ."
1,when bernie falls for a gorgeous cocktail waitress ( maria bello ) his bad luck is thrown into reverse .
1,"only nurse bloom knows the spells to ensure that the child will see benevolent spirits , not evil ones , but she hasn't bargained for lena's mother , who scoffs at 'old time ideas' and discreetly disposes of the special tea the nurse has brewed ."
1,"an engineer creates the ultimate weapon in a battle against aliens , only to be suspected as an alien himself ."
1,a boy named frank ( pidgeon ) and his sister caroline ( podbielska ) find themselves in attic town after investigating strange noises coming from the house top .
1,"the tale unfolds as a group of hustlers encounter "" the dean "" and pull off a successful sting that results in their pursuit by a vengeful gangster ."
1,a story about a troubled genius who attempts to build a magnetic engine in hopes of greatly reducing the worlds consumption of fossil fuels and electricity .
1,but it seems they are brought back as one for more than just solving a case .
1,"a slick new york publicist ( farrell ) who picks up a ringing receiver in a phone booth is told that if he hangs up , he'll be killed . . ."
1,"but on the wedding day , they also sign a divorce agreement which is effective one year after their marriage ."
1,"but all four are having trouble dealing with it , and steve has a job offer in san francisco ."
1,"as they make their way to the city from suburban pennsylvania , april must endure a comedy of errors - like finding out her oven doesn't work - in order to pull off the big event ."
1,a bounty hunter is on the trail of a conman who skipped bail .
1,"mirabelle falls in love with the glamorous ray , and her life takes a magical turn , but eventually she realizes that she must empower herself and make a choice between them ."
1,"as night falls , the terrified group of young athletes must fight their own fears and prejudices and come together in a seemingly hopeless struggle asainst a winged nightmare , hellbent on stockpiling as many victims as it can on the ultimate night of its grizzly , ritual feast ."
1,"freddy krueger ( robert englund ) is desparate to kill , but he can't since the parents of elm street have been doping their kids up with dream suppressants ."
1,he is increasingly tormented by his conscience as the new order of the day is revealed .
1,"when lapd computer expert peter fowler investigates the killing of an old man in chinatown , he finds the only witness is his dog , cho cho ."
1,"henrik , the young cook , is hopelessly in love with enchanting elena , but lacks the courage to dance with her ."
1,"schmitz takes off for new orleans with stephens , promising him a chance to meet his teen idol , all the while taking film of stephens' cross-country exploits and pawning them off as footage of the real deal ."
1,"she meets a mysterious man ( mark wahlberg ) , who tells her that the money was really his , and he wants it back , seemingly convinced that she's hiding the cash ."
1,from his first hand accounts of the ( wonderland murders aka woodland murders ) .
1,"to pull him out of his now dangerous financial predicament will turns to his wealthy in-laws , spinning a myriad of desperate lies , half-truths and deceptions ."
1,"they go over less well with tom donnerel , a young farmer and carrie's fianc&#233 ; ."
1,"in the next town over , desiree perry has returned to visit and show off her new anesthesiologist husband , reggie ."
1,and too late for neil too - his wife jenny has already applied to adopt an african girl .
1,"before long , rosalind has five guys trailing behind her , looking to get their bungling hands on a piece of the action ."
1,the ringwraiths return in an even more frightening form .
1,"linked to her only by cell phone , the driver narrows in on her location in a desperate race against time and tide ."
1,zack takes his cue and the magic show starts but who wants to watch ?
1,"stranded on hawaii , experiment #626 can't actually do much harm : water all around , no big cities and two well-equipped representatives of the galactic federation already following close behind to catch him again ."
1,"accompanied by his assistant bough ( ben miller ) , johnny bungles his way through one scrape after another ."
1,"after finding the plane and its crew torn to shreds , the group tries to piece together clues about what could be responsible for the carnage ."
1,a documentary of the true story of two american adventurers who follow mysterious clues to find the true mt .
1,"a few years later , tragedy struck her , first a fire in her house which caused her to not be able to go into any type of light , and then she was hanged ."
1,"with this power , jesse start the search of god , fueled by anger about the world we live in ."
1,"it centers on inez macbeth ( dominique swain ) , a wisp of a girl just a shade over twenty , who may lack a formal education , but has already been taught plenty by life ."
1,on his way he gets again and again into situations of obsessive self-uncovering .
1,"using almost no dialogue , the film follows a number of residents ( both human and animal ) of a small rural community in hungary - an old man with hiccups , a shepherdess and her sheep , an old woman who may or may not be up to no good , some folk-singers at a wedding , etc . while most of the film is a series of vignettes , there is a sinister and often barely perceptible subplot involving murder ."
1,sleepwalking tells the story of three friends at three very different stages of their lives .
1,the film first relates the journey of afghans refugees fleeing the bombing and war around herat and other cities to take refuge in ill-equipped camps .
1,the film is about a boy ( justin long ) who locks himself in the bathroom to work out math equations on the shower wall .
1,"charlie is man who wakes up to find that no one can see him , by chance he meets carol on a lonely highway ."
1,"she's telling her story because she wants to set the record straight , to correct the lies in natalie's book , which became a bestseller ."
1,he confesses to committing a series of particularly horrifying murders of exclusively female victims .
1,a small house stands on a hill overlooking the inland sea .
1,"young nicholas and his family enjoy a comfortable life , until nicholas' father dies and the family is left penniless ."
1,writer/director dante tomaselli merges two disturbing storylines into this visually arresting chiller .
1,"amerika , zed and kyle are good friends until the excitingly undermedicated bitch goddess trasha enters the frame , cutting kyle off from his friends and their vacuous and unencumbered world of beer and porn ."
1,"as the death toll mounts , it falls to detective maria delgado - mistrusted outsider from madrid ( played by mira sorvino ) - to stop the bizarre killings ."
